User_ID,Cluster
259266.0,4
259287.0,1
259308.0,1
259329.0,3
259350.0,6
259392.0,8
259413.0,7
259434.0,6
259455.0,6
259476.0,1
259497.0,3
259518.0,0
259539.0,1
259560.0,3
259581.0,6
259602.0,1
259623.0,3
259644.0,3
259665.0,8
259707.0,0
259770.0,1
259791.0,3
259812.0,1
259833.0,6
259854.0,3
259875.0,3
259917.0,6
259938.0,3
259959.0,3
259980.0,3
260001.0,3
260043.0,6
260064.0,3
260106.0,0
260148.0,1
260190.0,3
260211.0,3
260253.0,0
260274.0,3
260295.0,1
260337.0,3
260358.0,3
260379.0,1
260421.0,6
260442.0,6
260463.0,9
260505.0,3
260526.0,3
260547.0,1
260568.0,1
260589.0,3
260610.0,6
260652.0,3
260673.0,1
260694.0,6
260715.0,1
260757.0,1
260778.0,3
260820.0,3
260841.0,1
260862.0,0
260883.0,1
260904.0,3
260925.0,3
260946.0,6
260967.0,1
260988.0,1
261009.0,1
261030.0,9
261051.0,1
261072.0,3
261093.0,1
261114.0,1
261135.0,0
261156.0,3
261177.0,1
261198.0,3
261261.0,6
261282.0,3
261324.0,3
261345.0,3
261366.0,3
261387.0,6
261408.0,0
261429.0,1
261450.0,6
261471.0,1
261492.0,3
261513.0,3
261534.0,7
261555.0,1
261576.0,1
261597.0,1
261618.0,1
261681.0,3
261702.0,1
261723.0,1
261744.0,1
261765.0,3
261828.0,6
261891.0,1
261912.0,1
261933.0,1
261954.0,1
261975.0,3
261996.0,1
262017.0,1
262038.0,3
262059.0,3
262080.0,1
262101.0,1
262143.0,8
262164.0,1
262248.0,3
262269.0,6
262290.0,1
262311.0,3
262332.0,3
262353.0,0
262374.0,1
262437.0,0
262458.0,3
262500.0,1
262521.0,6
262542.0,1
262584.0,7
262626.0,6
262647.0,7
262668.0,3
262689.0,6
262710.0,6
262752.0,3
262773.0,3
262794.0,6
262815.0,6
262836.0,0
262857.0,1
262878.0,3
262899.0,3
262920.0,1
262941.0,3
262962.0,7
262983.0,1
263004.0,1
263046.0,3
263067.0,1
263088.0,1
263130.0,1
263151.0,3
263172.0,3
263214.0,3
263235.0,3
263256.0,8
263298.0,3
263319.0,1
263340.0,1
263361.0,1
263424.0,3
263445.0,1
263466.0,3
263487.0,6
263508.0,7
263550.0,3
263571.0,6
263592.0,3
263613.0,1
263676.0,3
263697.0,1
263718.0,3
263739.0,6
263760.0,3
263781.0,6
263802.0,1
263844.0,6
263865.0,6
263886.0,3
263907.0,1
263949.0,1
263991.0,3
264012.0,3
264033.0,6
264054.0,6
264096.0,1
264117.0,1
264138.0,1
264159.0,3
264180.0,6
264201.0,7
264222.0,8
264243.0,1
264264.0,1
264285.0,6
264306.0,3
264327.0,8
264348.0,3
264369.0,3
264390.0,6
264411.0,6
264432.0,0
264453.0,0
264474.0,1
264516.0,1
264537.0,1
264558.0,1
264579.0,1
264600.0,0
264621.0,6
264642.0,9
264663.0,3
264684.0,9
264747.0,3
264789.0,1
264810.0,3
264831.0,3
264852.0,3
264873.0,1
264894.0,6
264915.0,3
264936.0,1
264957.0,3
264978.0,3
264999.0,7
265020.0,3
265041.0,1
265062.0,6
265083.0,6
265104.0,3
265125.0,6
265146.0,1
265167.0,3
265188.0,3
265230.0,3
265251.0,3
265293.0,1
265335.0,3
265377.0,1
265398.0,3
265419.0,6
265440.0,3
265461.0,3
265482.0,3
265503.0,1
265524.0,3
265545.0,1
265566.0,7
265587.0,1
265608.0,0
265629.0,3
265650.0,3
265671.0,6
265692.0,6
265713.0,6
265734.0,1
265776.0,1
265797.0,3
265818.0,3
265839.0,7
265860.0,3
265902.0,1
265944.0,9
265965.0,9
266007.0,3
266028.0,1
266049.0,6
266070.0,1
266112.0,6
266133.0,1
266154.0,1
266196.0,1
266238.0,1
266259.0,1
266280.0,3
266301.0,1
266322.0,1
266343.0,1
266364.0,1
266385.0,3
266406.0,8
266448.0,3
266469.0,3
266490.0,6
266511.0,1
266553.0,0
266574.0,3
266595.0,3
266637.0,7
266700.0,1
266721.0,1
266742.0,3
266763.0,3
266784.0,1
266805.0,1
266847.0,6
266868.0,1
266889.0,1
266910.0,3
266952.0,1
266973.0,3
266994.0,1
267015.0,8
267036.0,3
267057.0,6
267078.0,3
267099.0,3
267120.0,1
267141.0,1
267162.0,3
267183.0,3
267204.0,1
267225.0,6
267246.0,1
267267.0,1
267288.0,1
267309.0,3
267351.0,1
267372.0,9
267393.0,6
267414.0,6
267435.0,6
267456.0,6
267498.0,6
267519.0,3
267540.0,3
267603.0,3
267624.0,8
267687.0,7
267708.0,5
267729.0,1
267750.0,3
267792.0,3
267813.0,1
267834.0,6
267855.0,7
267876.0,0
267897.0,1
267918.0,0
267939.0,1
268002.0,3
268023.0,7
268044.0,6
268086.0,1
268149.0,6
268170.0,0
268212.0,3
268275.0,1
268338.0,1
268359.0,1
268401.0,7
268422.0,1
268443.0,3
268464.0,3
268485.0,6
268527.0,3
268569.0,3
268590.0,6
268611.0,0
268632.0,6
268653.0,6
268674.0,3
268695.0,3
268737.0,6
268758.0,8
268842.0,0
268968.0,1
268989.0,6
269031.0,6
269052.0,7
269094.0,8
269115.0,3
269136.0,3
269157.0,6
269178.0,6
269220.0,1
269241.0,6
269262.0,3
269283.0,8
269304.0,7
269346.0,1
269367.0,3
269388.0,3
269409.0,6
269430.0,3
269451.0,6
269472.0,3
269493.0,3
269514.0,6
269556.0,1
269577.0,7
269598.0,1
269619.0,1
269640.0,0
269661.0,1
269682.0,1
269703.0,1
269724.0,3
269745.0,9
269787.0,0
269829.0,1
269871.0,3
269892.0,6
269913.0,1
269934.0,1
269955.0,0
269976.0,3
269997.0,6
270123.0,7
270144.0,6
270165.0,3
270186.0,6
270207.0,1
270228.0,6
270291.0,7
270312.0,6
270333.0,6
270375.0,7
270396.0,3
270417.0,1
270438.0,6
270459.0,9
270501.0,9
270522.0,3
270543.0,3
270564.0,9
270585.0,3
270606.0,3
270648.0,6
270690.0,3
270711.0,0
270753.0,9
270795.0,3
270837.0,0
270921.0,0
270942.0,6
270984.0,3
271026.0,3
271068.0,6
271089.0,1
271110.0,0
271152.0,3
271173.0,1
271215.0,6
271236.0,7
271257.0,0
271299.0,3
271320.0,3
271341.0,1
271362.0,6
271383.0,9
271404.0,1
271425.0,3
271488.0,0
271509.0,6
271530.0,3
271551.0,1
271593.0,1
271635.0,1
271656.0,3
271677.0,1
271698.0,7
271719.0,1
271740.0,3
271782.0,1
271824.0,1
271845.0,0
271887.0,1
271908.0,1
271929.0,1
271950.0,0
271971.0,1
271992.0,3
272013.0,3
272055.0,1
272076.0,6
272097.0,1
272202.0,3
272223.0,1
272265.0,3
272286.0,3
272307.0,6
272328.0,3
272370.0,1
272391.0,1
272454.0,6
272496.0,0
272517.0,0
272580.0,7
272601.0,3
272622.0,6
272664.0,7
272685.0,3
272727.0,3
272748.0,6
272769.0,1
272790.0,0
272811.0,0
272853.0,1
272874.0,1
272895.0,3
272937.0,1
272979.0,6
273000.0,7
273021.0,1
273042.0,0
273063.0,9
273084.0,1
273105.0,6
273126.0,3
273168.0,6
273231.0,6
273252.0,1
273273.0,1
273294.0,1
273315.0,1
273336.0,3
273357.0,3
273378.0,1
273441.0,1
273483.0,3
273546.0,1
273567.0,9
273588.0,3
273609.0,1
273630.0,1
273672.0,3
273693.0,6
273714.0,1
273735.0,1
273777.0,0
273798.0,7
273840.0,3
273903.0,0
273924.0,6
273945.0,3
273966.0,1
273987.0,1
274008.0,0
274029.0,0
274050.0,1
274092.0,6
274155.0,3
274218.0,3
274239.0,6
274260.0,6
274281.0,3
274302.0,6
274344.0,1
274365.0,6
274386.0,3
274407.0,3
274428.0,9
274449.0,1
274470.0,0
274512.0,0
274575.0,3
274617.0,1
274638.0,1
274659.0,0
274680.0,9
274701.0,1
274722.0,6
274743.0,3
274785.0,6
274869.0,5
274890.0,1
274911.0,3
274932.0,1
274953.0,6
274974.0,9
274995.0,7
275037.0,1
275058.0,1
275079.0,0
275121.0,6
275142.0,1
275163.0,3
275184.0,1
275226.0,9
275247.0,1
275268.0,6
275289.0,3
275310.0,1
275373.0,1
275415.0,0
275436.0,3
275457.0,1
275478.0,1
275520.0,7
275541.0,6
275562.0,1
275604.0,1
275646.0,1
275667.0,3
275730.0,9
275751.0,3
275772.0,6
275793.0,6
275814.0,1
275835.0,0
275856.0,1
275877.0,1
275898.0,1
275919.0,1
275940.0,1
275961.0,1
275982.0,3
276024.0,6
276045.0,1
276066.0,3
276087.0,8
276108.0,1
276129.0,1
276171.0,6
276213.0,3
276255.0,1
276297.0,1
276318.0,1
276339.0,3
276360.0,3
276381.0,7
276402.0,1
276465.0,1
276486.0,6
276507.0,3
276528.0,1
276549.0,9
276570.0,0
276591.0,1
276633.0,1
276654.0,1
276696.0,3
276717.0,3
276738.0,1
276822.0,3
276843.0,1
276864.0,1
276885.0,6
276906.0,3
276927.0,6
276948.0,7
276969.0,3
277032.0,3
277053.0,3
277074.0,3
277116.0,1
277158.0,1
277179.0,1
277200.0,3
277263.0,1
277347.0,0
277368.0,1
277389.0,1
277410.0,3
277431.0,9
277452.0,3
277473.0,3
277536.0,0
277557.0,8
277578.0,9
277620.0,7
277641.0,6
277683.0,0
277704.0,0
277725.0,1
277746.0,6
277767.0,8
277788.0,0
277809.0,6
277830.0,1
277872.0,1
277893.0,1
277935.0,6
277956.0,3
277998.0,1
278019.0,6
278040.0,1
278082.0,0
278103.0,6
278124.0,3
278145.0,3
278166.0,1
278187.0,9
278208.0,3
278229.0,9
278313.0,9
278355.0,1
278376.0,3
278418.0,3
278439.0,3
278460.0,3
278481.0,0
278502.0,7
278523.0,1
278565.0,9
278586.0,1
278607.0,1
278628.0,1
278649.0,1
278670.0,6
278691.0,3
278712.0,3
278733.0,3
278796.0,3
278817.0,8
278838.0,3
278859.0,9
278880.0,1
278922.0,1
278943.0,3
278964.0,6
278985.0,1
279111.0,3
279132.0,1
279174.0,6
279195.0,6
279216.0,0
279237.0,3
279258.0,9
279279.0,6
279300.0,0
279321.0,1
279342.0,7
279384.0,6
279405.0,1
279447.0,7
279468.0,3
279489.0,0
279510.0,1
279531.0,3
279573.0,1
279594.0,3
279636.0,1
279657.0,1
279678.0,9
279699.0,1
279720.0,1
279741.0,9
279762.0,3
279783.0,3
279804.0,1
279825.0,9
279867.0,1
279888.0,6
279909.0,1
279930.0,0
279972.0,3
280014.0,1
280056.0,3
280098.0,3
280119.0,6
280140.0,1
280161.0,0
280203.0,6
280224.0,9
280245.0,6
280287.0,9
280308.0,3
280329.0,3
280350.0,3
280371.0,3
280392.0,3
280434.0,3
280455.0,3
280476.0,3
280497.0,6
280518.0,6
280539.0,3
280602.0,1
280623.0,3
280644.0,3
280665.0,3
280686.0,7
280728.0,6
280749.0,6
280770.0,6
280812.0,3
280833.0,1
280875.0,3
280896.0,1
280959.0,3
281001.0,1
281022.0,7
281064.0,1
281085.0,6
281148.0,3
281169.0,3
281190.0,9
281211.0,7
281274.0,1
281295.0,6
281316.0,1
281337.0,1
281358.0,6
281442.0,1
281463.0,9
281484.0,9
281505.0,1
281568.0,1
281610.0,1
281631.0,0
281694.0,6
281736.0,3
281757.0,3
281778.0,1
281799.0,3
281820.0,3
281841.0,1
281862.0,3
281925.0,1
281946.0,1
281967.0,9
281988.0,3
282009.0,3
282030.0,3
282051.0,3
282114.0,3
282135.0,3
282156.0,3
282177.0,1
282219.0,6
282261.0,3
282387.0,3
282408.0,1
282429.0,3
282450.0,0
282471.0,1
282492.0,9
282513.0,0
282555.0,1
282576.0,1
282618.0,1
282660.0,3
282681.0,0
282702.0,0
282744.0,3
282786.0,6
282807.0,3
282828.0,1
282870.0,0
282891.0,3
282933.0,1
282954.0,6
282975.0,6
282996.0,6
283017.0,1
283059.0,9
283101.0,1
283122.0,0
283143.0,3
283164.0,0
283185.0,6
283206.0,3
283227.0,1
283248.0,1
283269.0,7
283311.0,1
283332.0,0
283353.0,0
283374.0,0
283395.0,1
283416.0,1
283437.0,6
283479.0,1
283500.0,3
283521.0,6
283542.0,1
283563.0,3
283584.0,3
283605.0,1
283626.0,6
283647.0,3
283668.0,0
283689.0,1
283710.0,3
283752.0,9
283773.0,3
283794.0,7
283815.0,1
283836.0,7
283857.0,3
283878.0,3
283899.0,9
283920.0,1
283941.0,3
283962.0,0
283983.0,1
284004.0,9
284025.0,9
284067.0,1
284109.0,0
284151.0,0
284172.0,3
284193.0,6
284214.0,1
284256.0,3
284298.0,1
284319.0,1
284424.0,1
284466.0,3
284508.0,1
284529.0,1
284571.0,6
284592.0,1
284655.0,3
284697.0,1
284718.0,3
284760.0,3
284781.0,7
284802.0,0
284823.0,9
284844.0,6
284865.0,1
284886.0,3
284928.0,3
284949.0,1
284970.0,6
284991.0,1
285012.0,0
285033.0,9
285075.0,3
285096.0,1
285117.0,1
285159.0,1
285201.0,6
285243.0,3
285264.0,6
285327.0,0
285348.0,1
285369.0,3
285390.0,1
285411.0,1
285432.0,1
285453.0,1
285474.0,3
285516.0,3
285558.0,3
285579.0,1
285600.0,6
285621.0,3
285642.0,0
285663.0,3
285726.0,1
285747.0,3
285810.0,1
285831.0,1
285894.0,1
285915.0,6
285957.0,7
285978.0,9
286041.0,3
286083.0,1
286146.0,6
286167.0,1
286209.0,0
286230.0,9
286251.0,1
286272.0,1
286314.0,1
286335.0,3
286356.0,1
286377.0,1
286398.0,3
286419.0,3
286482.0,6
286503.0,0
286524.0,3
286545.0,3
286587.0,1
286629.0,6
286650.0,1
286671.0,3
286692.0,1
286734.0,1
286755.0,6
286776.0,6
286797.0,3
286818.0,3
286839.0,6
286902.0,1
286923.0,6
286986.0,1
287007.0,0
287028.0,1
287049.0,7
287070.0,3
287112.0,0
287133.0,3
287175.0,9
287238.0,9
287280.0,1
287301.0,3
287322.0,9
287364.0,6
287385.0,7
287406.0,6
287469.0,0
287490.0,3
287532.0,0
287574.0,1
287595.0,1
287637.0,3
287679.0,3
287700.0,1
287763.0,6
287784.0,3
287805.0,1
287826.0,6
287847.0,6
287868.0,6
287889.0,1
287910.0,9
287931.0,6
287952.0,6
288015.0,6
288036.0,9
288057.0,1
288078.0,6
288099.0,1
288120.0,1
288141.0,3
288162.0,6
288183.0,6
288225.0,1
288246.0,3
288267.0,3
288288.0,0
288330.0,0
288351.0,6
288372.0,3
288435.0,1
288456.0,1
288477.0,9
288519.0,7
288540.0,6
288561.0,3
288582.0,1
288603.0,1
288624.0,9
288645.0,9
288687.0,2
288708.0,1
288750.0,1
288771.0,0
288792.0,1
288813.0,6
288834.0,6
288855.0,3
288876.0,1
288918.0,1
288939.0,3
288960.0,1
288981.0,3
289002.0,6
289023.0,3
289044.0,1
289107.0,1
289149.0,1
289191.0,1
289212.0,1
289254.0,3
289317.0,1
289338.0,3
289380.0,3
289401.0,6
289422.0,1
289464.0,1
289506.0,7
289527.0,1
289590.0,3
289611.0,0
289632.0,0
289758.0,1
289779.0,7
289800.0,6
289821.0,3
289842.0,0
289863.0,6
289884.0,1
289905.0,3
289926.0,3
289947.0,6
289968.0,3
289989.0,6
290010.0,8
290031.0,6
290052.0,3
290073.0,3
290094.0,3
290115.0,1
290136.0,3
290157.0,1
290199.0,6
290241.0,0
290262.0,3
290283.0,3
290304.0,1
290346.0,6
290367.0,3
290388.0,3
290451.0,7
290472.0,7
290493.0,3
290535.0,3
290577.0,6
290598.0,1
290661.0,6
290682.0,1
290724.0,3
290745.0,3
290766.0,1
290808.0,6
290829.0,3
290850.0,3
290871.0,0
290913.0,3
290934.0,1
290976.0,6
291018.0,3
291039.0,6
291060.0,3
291102.0,1
291123.0,6
291165.0,1
291186.0,3
291207.0,1
291228.0,9
291249.0,1
291270.0,1
291291.0,1
291333.0,1
291354.0,6
291375.0,1
291396.0,3
291417.0,7
291438.0,3
291480.0,1
291501.0,1
291522.0,3
291543.0,1
291564.0,1
291585.0,6
291606.0,3
291627.0,6
291648.0,3
291669.0,3
291690.0,1
291732.0,7
291753.0,6
291774.0,1
291795.0,3
291837.0,3
291858.0,6
291879.0,1
291900.0,0
291921.0,1
291984.0,1
292068.0,1
292131.0,1
292194.0,9
292257.0,3
292278.0,0
292299.0,0
292362.0,6
292383.0,3
292404.0,3
292425.0,9
292446.0,7
292467.0,3
292488.0,3
292509.0,7
292530.0,7
292551.0,1
292572.0,6
292593.0,3
292614.0,6
292656.0,3
292677.0,7
292698.0,3
292719.0,1
292740.0,3
292761.0,1
292866.0,1
292887.0,3
292908.0,6
292929.0,3
292950.0,1
292971.0,6
292992.0,6
293013.0,8
293034.0,3
293055.0,6
293076.0,1
293139.0,1
293160.0,3
293202.0,1
293223.0,6
293307.0,9
293349.0,1
293391.0,1
293412.0,7
293433.0,6
293454.0,3
293475.0,1
293496.0,6
293538.0,9
293559.0,3
293580.0,3
293622.0,1
293643.0,1
293664.0,7
293685.0,1
293706.0,9
293748.0,1
293769.0,1
293790.0,6
293811.0,3
293832.0,3
293853.0,1
293874.0,3
293895.0,0
293979.0,1
294000.0,6
294021.0,1
294042.0,3
294084.0,1
294105.0,3
294126.0,1
294189.0,6
294252.0,6
294273.0,1
294294.0,7
294315.0,3
294336.0,6
294399.0,9
294420.0,3
294441.0,6
294462.0,6
294483.0,1
294504.0,3
294567.0,3
294609.0,3
294630.0,1
294651.0,1
294672.0,1
294714.0,3
294735.0,9
294756.0,6
294777.0,6
294798.0,0
294819.0,3
294840.0,1
294861.0,9
294924.0,1
294945.0,7
294966.0,0
294987.0,1
295008.0,6
295029.0,1
295050.0,3
295071.0,1
295092.0,3
295113.0,9
295134.0,3
295155.0,8
295176.0,1
295197.0,1
295239.0,0
295260.0,1
295302.0,1
295344.0,1
295386.0,6
295407.0,3
295428.0,6
295491.0,1
295533.0,3
295575.0,1
295596.0,3
295617.0,1
295638.0,6
295659.0,9
295680.0,3
295701.0,6
295722.0,6
295743.0,1
295785.0,1
295827.0,3
295848.0,1
295869.0,0
295890.0,9
295932.0,1
295953.0,3
296016.0,5
296058.0,0
296079.0,1
296100.0,3
296121.0,1
296142.0,7
296184.0,9
296205.0,6
296247.0,1
296268.0,3
296289.0,9
296310.0,1
296331.0,0
296352.0,1
296373.0,9
296394.0,6
296436.0,3
296457.0,9
296541.0,3
296604.0,7
296625.0,3
296646.0,3
296667.0,1
296688.0,1
296709.0,1
296730.0,6
296772.0,1
296793.0,1
296835.0,1
296898.0,3
296919.0,3
296940.0,3
296961.0,3
296982.0,6
297003.0,0
297045.0,0
297066.0,1
297087.0,6
297108.0,6
297129.0,9
297150.0,1
297192.0,1
297234.0,6
297255.0,0
297276.0,1
297297.0,1
297318.0,3
297339.0,1
297381.0,6
297402.0,6
297423.0,1
297444.0,9
297465.0,6
297507.0,7
297591.0,3
297633.0,7
297654.0,3
297675.0,1
297696.0,6
297717.0,7
297738.0,1
297759.0,3
297780.0,1
297864.0,3
297885.0,7
297948.0,0
297969.0,1
298011.0,1
298053.0,1
298074.0,1
298095.0,6
298116.0,9
298158.0,7
298179.0,6
298221.0,1
298284.0,3
298305.0,1
298326.0,0
298368.0,3
298389.0,7
298410.0,1
298431.0,1
298452.0,3
298494.0,1
298515.0,1
298536.0,7
298557.0,1
298578.0,3
298599.0,3
298620.0,0
298641.0,1
298662.0,6
298683.0,1
298704.0,1
298746.0,1
298767.0,1
298809.0,9
298851.0,6
298872.0,1
298893.0,1
298914.0,3
298935.0,1
298956.0,6
298977.0,6
298998.0,7
299019.0,1
299040.0,3
299061.0,6
299082.0,6
299103.0,1
299145.0,6
299166.0,1
299187.0,6
299208.0,9
299250.0,3
299271.0,3
299376.0,6
299397.0,1
299418.0,1
299439.0,0
299481.0,3
299502.0,1
299544.0,0
299565.0,3
299607.0,6
299670.0,6
299691.0,6
299712.0,9
299733.0,1
299796.0,1
299817.0,1
299880.0,0
299922.0,1
299964.0,3
299985.0,3
300006.0,1
300027.0,3
300048.0,0
300069.0,1
300090.0,1
300111.0,1
300132.0,0
300153.0,1
300195.0,0
300237.0,1
300258.0,1
300279.0,1
300300.0,3
300321.0,3
300384.0,6
300405.0,3
300426.0,3
300447.0,1
300489.0,1
300531.0,6
300552.0,1
300594.0,0
300615.0,1
300657.0,3
300720.0,6
300741.0,1
300783.0,1
300846.0,6
300867.0,3
300909.0,1
300951.0,3
300972.0,7
300993.0,3
301014.0,1
301035.0,3
301056.0,1
301098.0,6
301119.0,6
301140.0,6
301161.0,1
301182.0,3
301224.0,1
301245.0,3
301266.0,0
301308.0,6
301329.0,3
301350.0,6
301371.0,0
301392.0,6
301413.0,9
301434.0,3
301455.0,6
301476.0,3
301497.0,3
301539.0,3
301560.0,3
301602.0,3
301644.0,1
301707.0,1
301728.0,6
301791.0,6
301833.0,0
301875.0,6
301917.0,6
301959.0,1
302001.0,3
302022.0,3
302043.0,3
302085.0,3
302106.0,6
302127.0,3
302148.0,1
302169.0,0
302190.0,1
302253.0,9
302295.0,1
302316.0,9
302337.0,9
302400.0,9
302421.0,1
302463.0,9
302484.0,1
302526.0,3
302547.0,1
302568.0,1
302589.0,1
302610.0,1
302631.0,6
302652.0,3
302673.0,6
302694.0,1
302715.0,1
302736.0,8
302778.0,3
302799.0,1
302820.0,3
302841.0,8
302862.0,1
302883.0,7
302904.0,7
302946.0,1
302967.0,3
302988.0,1
303051.0,6
303072.0,3
303114.0,3
303156.0,3
303177.0,0
303198.0,6
303219.0,6
303240.0,1
303261.0,1
303282.0,6
303303.0,1
303366.0,1
303387.0,1
303408.0,9
303429.0,1
303450.0,6
303471.0,3
303492.0,3
303513.0,6
303576.0,1
303597.0,7
303639.0,3
303660.0,0
303681.0,1
303702.0,1
303723.0,6
303765.0,6
303786.0,1
303807.0,1
303870.0,1
303912.0,1
303933.0,1
303954.0,3
303975.0,1
303996.0,6
304017.0,1
304059.0,6
304080.0,3
304101.0,6
304122.0,0
304143.0,6
304164.0,9
304185.0,3
304227.0,1
304248.0,7
304269.0,0
304311.0,6
304353.0,3
304374.0,3
304395.0,3
304416.0,6
304437.0,6
304458.0,9
304479.0,1
304500.0,0
304521.0,0
304542.0,1
304563.0,3
304584.0,1
304605.0,1
304626.0,1
304647.0,1
304668.0,3
304731.0,9
304752.0,9
304773.0,7
304794.0,1
304815.0,1
304857.0,3
304878.0,9
304920.0,0
304962.0,3
304983.0,7
305004.0,1
305025.0,1
305067.0,1
305088.0,3
305109.0,3
305130.0,1
305172.0,0
305193.0,1
305214.0,1
305235.0,1
305256.0,6
305277.0,3
305298.0,1
305319.0,3
305340.0,1
305361.0,1
305382.0,0
305403.0,1
305424.0,1
305466.0,1
305487.0,3
305508.0,7
305529.0,6
305550.0,3
305571.0,9
305592.0,3
305613.0,1
305634.0,3
305655.0,1
305697.0,3
305760.0,1
305781.0,3
305802.0,1
305865.0,1
305886.0,0
305907.0,3
305949.0,7
305970.0,6
306012.0,1
306033.0,1
306096.0,7
306117.0,1
306138.0,3
306201.0,7
306222.0,3
306243.0,1
306264.0,6
306285.0,3
306306.0,6
306327.0,1
306369.0,8
306411.0,1
306432.0,3
306453.0,3
306474.0,1
306495.0,1
306537.0,7
306558.0,3
306600.0,6
306621.0,0
306663.0,9
306726.0,5
306747.0,1
306768.0,1
306789.0,7
306936.0,6
306978.0,1
306999.0,6
307020.0,6
307041.0,1
307062.0,3
307083.0,1
307104.0,0
307125.0,6
307146.0,1
307188.0,1
307209.0,3
307251.0,1
307272.0,0
307293.0,6
307356.0,1
307398.0,3
307419.0,1
307440.0,1
307461.0,3
307482.0,9
307503.0,6
307524.0,1
307545.0,0
307566.0,5
307587.0,8
307629.0,1
307671.0,3
307692.0,3
307713.0,1
307755.0,0
307776.0,7
307797.0,1
307818.0,7
307839.0,1
307860.0,7
307881.0,3
307902.0,1
307944.0,3
307965.0,1
307986.0,3
308007.0,1
308049.0,6
308070.0,6
308112.0,6
308133.0,1
308175.0,3
308196.0,1
308280.0,1
308301.0,3
308322.0,7
308364.0,1
308427.0,7
308448.0,1
308469.0,7
308490.0,3
308511.0,1
308532.0,1
308553.0,6
308616.0,1
308637.0,6
308658.0,3
308679.0,6
308700.0,1
308721.0,1
308742.0,1
308763.0,3
308784.0,1
308805.0,9
308868.0,1
308889.0,1
308910.0,3
308931.0,1
308952.0,3
308973.0,1
308994.0,3
309015.0,1
309036.0,3
309099.0,1
309120.0,3
309162.0,3
309183.0,1
309225.0,3
309267.0,6
309309.0,6
309330.0,1
309351.0,3
309372.0,1
309393.0,1
309435.0,1
309477.0,1
309498.0,1
309519.0,1
309540.0,6
309561.0,1
309624.0,0
309645.0,1
309687.0,6
309708.0,1
309792.0,9
309813.0,3
309834.0,1
309855.0,1
309876.0,3
309897.0,3
309918.0,6
309939.0,1
309960.0,0
309981.0,1
310002.0,6
310044.0,9
310065.0,3
310086.0,1
310128.0,9
310149.0,1
310170.0,6
310212.0,3
310275.0,1
310296.0,1
310338.0,7
310359.0,6
310380.0,3
310422.0,0
310464.0,1
310485.0,7
310548.0,3
310569.0,9
310590.0,1
310632.0,9
310653.0,3
310674.0,1
310695.0,0
310716.0,1
310758.0,9
310779.0,3
310800.0,1
310821.0,3
310863.0,6
310884.0,7
310905.0,1
310926.0,3
310968.0,1
311010.0,1
311073.0,6
311115.0,3
311136.0,9
311157.0,0
311178.0,1
311199.0,3
311220.0,3
311241.0,0
311283.0,6
311304.0,3
311325.0,1
311388.0,6
311409.0,1
311430.0,3
311514.0,1
311556.0,0
311577.0,3
311640.0,6
311661.0,1
311682.0,1
311724.0,0
311787.0,3
311829.0,1
311850.0,6
311871.0,1
311892.0,1
311913.0,3
311934.0,1
311955.0,3
311976.0,3
311997.0,3
312039.0,1
312060.0,9
312081.0,3
312102.0,3
312123.0,3
312165.0,0
312186.0,1
312207.0,6
312228.0,1
312249.0,3
312270.0,6
312291.0,1
312333.0,6
312375.0,1
312438.0,1
312480.0,1
312501.0,3
312522.0,7
312543.0,3
312585.0,9
312606.0,6
312627.0,0
312648.0,6
312669.0,6
312690.0,6
312711.0,0
312753.0,3
312774.0,3
312795.0,1
312816.0,6
312837.0,1
312858.0,1
312921.0,1
312942.0,3
312963.0,1
312984.0,3
313005.0,7
313047.0,1
313068.0,3
313110.0,3
313131.0,5
313152.0,0
313173.0,1
313215.0,1
313236.0,1
313278.0,3
313320.0,6
313341.0,3
313383.0,3
313404.0,9
313509.0,3
313530.0,1
313551.0,1
313572.0,6
313614.0,1
313635.0,6
313656.0,1
313677.0,3
313824.0,1
313866.0,7
313887.0,3
313908.0,1
313950.0,3
313971.0,3
313992.0,1
314013.0,3
314034.0,3
314097.0,6
314118.0,6
314139.0,1
314160.0,9
314181.0,1
314202.0,6
314223.0,1
314244.0,9
314265.0,3
314286.0,3
314307.0,3
314328.0,3
314370.0,0
314391.0,3
314412.0,3
314433.0,7
314454.0,3
314475.0,7
314496.0,1
314538.0,1
314601.0,6
314664.0,0
314685.0,6
314727.0,7
314748.0,6
314895.0,1
314937.0,0
314958.0,6
315000.0,3
315042.0,1
315084.0,3
315105.0,1
315126.0,3
315147.0,0
315189.0,3
315210.0,3
315252.0,1
315294.0,9
315336.0,6
315357.0,3
315378.0,1
315399.0,6
315441.0,1
315462.0,3
315483.0,1
315504.0,1
315525.0,3
315546.0,1
315567.0,1
315588.0,1
315630.0,9
315651.0,1
315672.0,6
315693.0,1
315714.0,1
315735.0,3
315756.0,3
315798.0,1
315819.0,1
315861.0,6
315882.0,6
315903.0,3
315924.0,1
315945.0,7
315966.0,1
315987.0,6
316008.0,1
316029.0,7
316050.0,3
316071.0,3
316092.0,7
316113.0,0
316134.0,3
316197.0,6
316218.0,1
316239.0,1
316260.0,3
316281.0,1
316302.0,1
316323.0,7
316365.0,1
316386.0,3
316407.0,1
316428.0,1
316449.0,6
316470.0,9
316491.0,1
316533.0,9
316554.0,3
316575.0,9
316596.0,6
316638.0,1
316659.0,6
316701.0,7
316743.0,9
316827.0,6
316848.0,3
316869.0,3
316890.0,6
316911.0,3
316932.0,0
316953.0,1
316995.0,3
317016.0,0
317037.0,3
317058.0,9
317079.0,3
317100.0,6
317121.0,1
317163.0,3
317184.0,6
317205.0,3
317226.0,1
317247.0,7
317268.0,6
317289.0,6
317310.0,1
317331.0,1
317373.0,3
317394.0,1
317415.0,3
317436.0,3
317457.0,1
317478.0,9
317499.0,6
317520.0,3
317541.0,1
317562.0,1
317583.0,3
317604.0,0
317625.0,1
317667.0,3
317688.0,1
317709.0,1
317730.0,3
317772.0,1
317793.0,6
317814.0,1
317835.0,7
317856.0,3
317919.0,6
317940.0,1
317982.0,3
318003.0,6
318024.0,1
318045.0,1
318066.0,0
318087.0,6
318108.0,3
318129.0,3
318150.0,1
318192.0,1
318213.0,3
318234.0,3
318276.0,3
318297.0,1
318318.0,3
318339.0,1
318360.0,6
318423.0,3
318444.0,1
318465.0,6
318507.0,6
318528.0,3
318591.0,6
318612.0,1
318654.0,6
318675.0,3
318738.0,0
318759.0,1
318780.0,6
318801.0,9
318822.0,6
318864.0,0
318885.0,7
318906.0,3
318927.0,1
318969.0,1
319032.0,1
319053.0,0
319074.0,1
319095.0,9
319137.0,1
319158.0,7
319179.0,8
319221.0,1
319263.0,1
319284.0,6
319305.0,0
319326.0,9
319368.0,1
319410.0,6
319431.0,1
319452.0,6
319473.0,6
319494.0,1
319515.0,3
319536.0,7
319578.0,1
319599.0,6
319620.0,1
319641.0,6
319662.0,0
319683.0,6
319704.0,6
319725.0,0
319746.0,6
319767.0,1
319788.0,1
319830.0,0
319872.0,3
319914.0,6
319935.0,6
319956.0,6
319977.0,1
319998.0,3
320019.0,3
320040.0,1
320061.0,1
320103.0,3
320124.0,1
320145.0,9
320166.0,6
320187.0,7
320229.0,1
320271.0,1
320292.0,3
320313.0,3
320334.0,3
320355.0,3
320376.0,6
320397.0,6
320418.0,6
320460.0,1
320481.0,7
320502.0,6
320523.0,3
320544.0,3
320565.0,6
320586.0,6
320607.0,9
320649.0,9
320670.0,9
320691.0,1
320712.0,3
320754.0,3
320775.0,3
320796.0,3
320817.0,3
320859.0,6
320880.0,7
320901.0,1
321006.0,3
321027.0,3
321048.0,1
321069.0,1
321090.0,1
321111.0,1
321132.0,6
321216.0,1
321237.0,3
321258.0,1
321279.0,1
321300.0,9
321321.0,1
321363.0,6
321384.0,1
321426.0,3
321447.0,3
321468.0,6
321531.0,5
321552.0,1
321573.0,0
321594.0,6
321615.0,9
321636.0,8
321678.0,9
321699.0,6
321720.0,3
321741.0,1
321762.0,3
321825.0,0
321846.0,6
321867.0,3
321909.0,3
321930.0,0
321972.0,6
321993.0,6
322014.0,3
322035.0,3
322119.0,1
322161.0,3
322182.0,3
322203.0,3
322224.0,3
322245.0,3
322266.0,6
322287.0,6
322308.0,3
322329.0,3
322350.0,6
322371.0,1
322413.0,6
322455.0,0
322476.0,1
322518.0,1
322560.0,3
322581.0,9
322623.0,6
322644.0,1
322665.0,1
322686.0,1
322707.0,1
322728.0,7
322770.0,1
322812.0,3
322833.0,1
322854.0,7
322896.0,1
322959.0,1
322980.0,0
323001.0,7
323022.0,1
323064.0,0
323085.0,7
323106.0,6
323148.0,6
323169.0,8
323232.0,1
323253.0,9
323274.0,1
323295.0,6
323316.0,3
323337.0,6
323358.0,3
323379.0,3
323400.0,0
323442.0,6
323505.0,9
323526.0,1
323547.0,9
323568.0,6
323610.0,1
323631.0,3
323652.0,6
323694.0,1
323715.0,6
323736.0,1
323757.0,0
323799.0,0
323841.0,1
323862.0,6
323883.0,0
323904.0,6
323946.0,1
323967.0,3
323988.0,7
324009.0,3
324072.0,3
324093.0,6
324114.0,3
324135.0,3
324156.0,1
324177.0,6
324198.0,3
324240.0,9
324282.0,0
324303.0,1
324324.0,3
324345.0,6
324387.0,6
324408.0,6
324429.0,1
324450.0,3
324492.0,1
324513.0,1
324534.0,6
324576.0,6
324597.0,6
324618.0,3
324660.0,6
324702.0,9
324723.0,3
324744.0,6
324765.0,1
324786.0,3
324807.0,9
324828.0,3
324849.0,3
324891.0,3
324912.0,3
324933.0,9
324975.0,3
325038.0,3
325080.0,3
325122.0,1
325143.0,6
325164.0,3
325185.0,0
325248.0,9
325269.0,3
325311.0,1
325332.0,0
325353.0,1
325374.0,3
325437.0,1
325458.0,1
325500.0,3
325542.0,1
325563.0,6
325584.0,9
325605.0,3
325626.0,3
325647.0,6
325668.0,6
325710.0,6
325731.0,3
325752.0,9
325773.0,1
325794.0,1
325836.0,3
325857.0,6
325878.0,1
325920.0,3
325941.0,1
325962.0,3
325983.0,0
326004.0,9
326025.0,1
326046.0,3
326067.0,1
326088.0,9
326109.0,1
326130.0,1
326151.0,3
326172.0,1
326193.0,3
326235.0,6
326277.0,9
326319.0,3
326340.0,3
326361.0,0
326403.0,6
326424.0,1
326445.0,1
326487.0,1
326529.0,1
326550.0,1
326571.0,3
326592.0,7
326613.0,3
326634.0,6
326655.0,1
326676.0,3
326697.0,3
326781.0,3
326802.0,6
326823.0,1
326865.0,3
326907.0,9
326928.0,3
326949.0,7
326970.0,1
326991.0,3
327012.0,1
327033.0,3
327054.0,6
327096.0,3
327117.0,6
327138.0,3
327159.0,1
327201.0,8
327222.0,3
327264.0,3
327285.0,3
327327.0,1
327369.0,6
327432.0,3
327453.0,0
327474.0,1
327516.0,1
327537.0,3
327558.0,7
327579.0,3
327621.0,1
327642.0,9
327663.0,0
327684.0,3
327705.0,1
327726.0,1
327747.0,6
327768.0,3
327789.0,9
327810.0,3
327831.0,1
327852.0,0
327915.0,1
327978.0,3
327999.0,3
328020.0,1
328041.0,7
328062.0,1
328083.0,0
328104.0,6
328125.0,0
328146.0,1
328188.0,1
328230.0,3
328272.0,1
328314.0,3
328356.0,7
328377.0,3
328419.0,0
328440.0,1
328461.0,1
328503.0,6
328524.0,6
328545.0,3
328566.0,1
328608.0,6
328629.0,8
328671.0,0
328692.0,3
328713.0,7
328734.0,0
328755.0,7
328776.0,1
328797.0,9
328818.0,6
328839.0,0
328860.0,1
328881.0,0
328923.0,3
328944.0,9
328965.0,6
329007.0,9
329028.0,9
329049.0,1
329070.0,6
329091.0,9
329133.0,1
329154.0,1
329175.0,1
329196.0,1
329217.0,3
329238.0,3
329259.0,0
329280.0,1
329301.0,1
329343.0,3
329427.0,1
329469.0,0
329490.0,7
329511.0,9
329532.0,3
329574.0,1
329595.0,6
329616.0,1
329679.0,3
329700.0,3
329721.0,3
329763.0,6
329784.0,1
329805.0,6
329826.0,3
329847.0,3
329868.0,1
329889.0,6
329952.0,1
329973.0,1
329994.0,3
330036.0,1
330057.0,7
330099.0,1
330120.0,3
330141.0,3
330162.0,1
330183.0,6
330204.0,6
330225.0,3
330267.0,1
330309.0,7
330330.0,3
330372.0,0
330393.0,6
330414.0,8
330477.0,1
330498.0,1
330519.0,3
330540.0,3
330603.0,3
330624.0,7
330645.0,1
330666.0,0
330687.0,3
330708.0,0
330729.0,6
330750.0,1
330792.0,1
330813.0,7
330834.0,1
330855.0,1
330876.0,1
330897.0,3
330918.0,3
330939.0,6
331002.0,3
331023.0,3
331044.0,1
331086.0,9
331128.0,6
331149.0,1
331233.0,3
331254.0,3
331275.0,7
331296.0,3
331317.0,7
331380.0,6
331401.0,1
331422.0,3
331443.0,3
331485.0,1
331506.0,3
331527.0,3
331569.0,6
331590.0,3
331611.0,3
331653.0,9
331695.0,3
331716.0,1
331737.0,9
331779.0,1
331800.0,1
331821.0,3
331842.0,3
331863.0,3
331884.0,1
331905.0,1
331926.0,1
331947.0,3
331968.0,6
331989.0,1
332010.0,1
332031.0,1
332052.0,1
332073.0,6
332094.0,3
332115.0,0
332199.0,1
332220.0,6
332241.0,3
332262.0,1
332283.0,8
332325.0,6
332346.0,3
332367.0,1
332409.0,3
332430.0,3
332451.0,1
332472.0,6
332514.0,1
332535.0,1
332556.0,3
332577.0,3
332598.0,1
332619.0,0
332640.0,3
332661.0,1
332703.0,6
332724.0,3
332745.0,1
332787.0,9
332850.0,3
332892.0,7
332913.0,3
332934.0,0
332955.0,6
332976.0,1
332997.0,7
333018.0,1
333060.0,1
333081.0,1
333102.0,1
333123.0,9
333144.0,1
333165.0,3
333186.0,3
333207.0,1
333249.0,6
333270.0,3
333312.0,3
333354.0,1
333417.0,3
333480.0,6
333501.0,6
333522.0,6
333543.0,3
333585.0,1
333606.0,3
333648.0,3
333669.0,6
333711.0,6
333774.0,6
333795.0,7
333837.0,8
333858.0,1
333879.0,7
333900.0,3
333921.0,3
333963.0,1
333984.0,3
334026.0,1
334047.0,1
334089.0,3
334110.0,1
334152.0,9
334236.0,1
334257.0,6
334278.0,6
334299.0,1
334320.0,3
334341.0,7
334362.0,6
334383.0,6
334425.0,6
334530.0,3
334572.0,1
334593.0,3
334635.0,8
334677.0,7
334698.0,9
334719.0,1
334740.0,6
334782.0,3
334824.0,6
334845.0,7
334887.0,0
334908.0,3
334929.0,3
334950.0,1
334971.0,1
334992.0,1
335013.0,7
335055.0,1
335097.0,3
335118.0,7
335223.0,3
335265.0,1
335307.0,1
335349.0,0
335370.0,7
335391.0,0
335433.0,0
335454.0,1
335475.0,3
335496.0,6
335517.0,3
335538.0,3
335580.0,9
335601.0,1
335643.0,1
335664.0,1
335685.0,1
335706.0,3
335727.0,1
335748.0,3
335790.0,1
335832.0,9
335853.0,3
335874.0,3
335916.0,1
335958.0,1
336000.0,3
336063.0,1
336105.0,1
336126.0,9
336147.0,1
336168.0,0
336189.0,3
336210.0,6
336231.0,1
336252.0,3
336273.0,1
336294.0,1
336315.0,3
336336.0,1
336357.0,3
336378.0,3
336399.0,1
336420.0,3
336462.0,6
336483.0,1
336504.0,3
336525.0,3
336546.0,3
336567.0,7
336609.0,1
336630.0,6
336651.0,1
336693.0,1
336714.0,9
336756.0,0
336777.0,6
336798.0,3
336840.0,1
336861.0,7
336882.0,1
336903.0,1
336945.0,1
337008.0,6
337029.0,3
337050.0,6
337092.0,3
337113.0,3
337134.0,3
337155.0,6
337176.0,3
337197.0,1
337239.0,1
337302.0,1
337323.0,6
337365.0,6
337386.0,3
337470.0,3
337491.0,3
337512.0,6
337533.0,9
337596.0,1
337638.0,6
337659.0,9
337680.0,0
337701.0,1
337743.0,1
337764.0,6
337785.0,1
337806.0,1
337911.0,8
337932.0,9
337953.0,8
337974.0,1
338016.0,9
338037.0,6
338058.0,1
338079.0,0
338121.0,3
338142.0,3
338163.0,1
338184.0,3
338205.0,9
338226.0,0
338247.0,8
338268.0,3
338289.0,7
338310.0,1
338352.0,8
338373.0,6
338394.0,7
338415.0,1
338436.0,6
338457.0,6
338499.0,3
338520.0,3
338541.0,1
338562.0,1
338583.0,3
338604.0,6
338625.0,6
338646.0,1
338667.0,3
338688.0,1
338751.0,1
338793.0,1
338814.0,1
338835.0,6
338856.0,9
338919.0,3
338940.0,1
338961.0,3
338982.0,0
339003.0,1
339024.0,6
339045.0,1
339066.0,7
339087.0,3
339108.0,9
339129.0,7
339150.0,1
339192.0,6
339213.0,1
339276.0,1
339297.0,3
339339.0,9
339360.0,3
339381.0,1
339402.0,6
339423.0,8
339444.0,3
339528.0,1
339549.0,3
339570.0,1
339591.0,7
339612.0,1
339633.0,3
339654.0,0
339675.0,1
339717.0,3
339738.0,9
339759.0,3
339780.0,0
339801.0,9
339822.0,0
339843.0,3
339864.0,9
339885.0,3
339906.0,1
339927.0,1
339948.0,1
339969.0,9
339990.0,3
340011.0,1
340053.0,6
340158.0,3
340200.0,3
340221.0,3
340242.0,6
340263.0,1
340284.0,3
340305.0,3
340326.0,0
340347.0,9
340368.0,1
340389.0,1
340410.0,1
340431.0,3
340452.0,1
340473.0,3
340494.0,6
340515.0,3
340536.0,9
340557.0,0
340578.0,0
340641.0,1
340662.0,6
340704.0,1
340725.0,1
340746.0,7
340767.0,7
340809.0,3
340830.0,6
340872.0,1
340893.0,1
340935.0,1
340956.0,3
341019.0,0
341040.0,3
341061.0,1
341082.0,1
341103.0,3
341124.0,6
341145.0,1
341187.0,6
341208.0,0
341229.0,1
341250.0,6
341313.0,1
341355.0,1
341376.0,6
341397.0,8
341418.0,1
341460.0,9
341481.0,1
341565.0,1
341586.0,3
341628.0,3
341670.0,6
341691.0,1
341712.0,0
341754.0,6
341775.0,6
341796.0,9
341838.0,9
341859.0,3
341901.0,3
341922.0,7
341943.0,1
341964.0,3
342027.0,6
342132.0,7
342153.0,1
342195.0,3
342237.0,6
342258.0,3
342342.0,3
342363.0,1
342405.0,3
342426.0,6
342468.0,6
342489.0,3
342531.0,3
342573.0,0
342615.0,6
342636.0,1
342657.0,1
342678.0,3
342699.0,0
342720.0,6
342741.0,1
342762.0,3
342783.0,8
342804.0,3
342825.0,9
342846.0,1
342867.0,1
342930.0,9
342972.0,1
342993.0,1
343077.0,3
343098.0,3
343119.0,6
343140.0,3
343161.0,1
343182.0,3
343203.0,3
343224.0,0
343245.0,3
343287.0,3
343308.0,1
343329.0,6
343350.0,1
343371.0,6
343392.0,3
343413.0,8
343434.0,3
343476.0,6
343497.0,3
343518.0,3
343539.0,1
343560.0,3
343581.0,3
343602.0,3
343623.0,3
343644.0,3
343665.0,1
343686.0,3
343707.0,1
343728.0,3
343749.0,3
343770.0,1
343812.0,3
343854.0,1
343896.0,3
343917.0,6
343938.0,6
343959.0,3
343980.0,7
344043.0,1
344064.0,1
344085.0,1
344106.0,1
344127.0,9
344169.0,1
344232.0,6
344253.0,1
344274.0,1
344295.0,1
344358.0,6
344379.0,1
344400.0,3
344421.0,1
344442.0,6
344463.0,0
344484.0,3
344505.0,7
344526.0,3
344547.0,1
344589.0,1
344631.0,1
344652.0,3
344673.0,3
344694.0,9
344715.0,3
344736.0,3
344778.0,3
344799.0,7
344862.0,1
344883.0,3
344904.0,9
344925.0,6
344946.0,1
344967.0,9
345009.0,7
345030.0,3
345051.0,6
345072.0,8
345093.0,3
345114.0,1
345198.0,3
345240.0,1
345261.0,1
345282.0,1
345324.0,1
345345.0,3
345366.0,4
345387.0,3
345408.0,7
345429.0,6
345450.0,9
345471.0,7
345534.0,7
345555.0,1
345576.0,0
345597.0,6
345618.0,1
345660.0,3
345681.0,6
345702.0,9
345723.0,3
345744.0,3
345786.0,1
345828.0,0
345849.0,1
345870.0,1
345891.0,9
345933.0,6
345954.0,3
345975.0,1
346017.0,1
346038.0,3
346059.0,3
346080.0,3
346122.0,3
346143.0,6
346164.0,6
346185.0,3
346248.0,3
346311.0,3
346353.0,1
346374.0,6
346395.0,1
346416.0,1
346437.0,1
346458.0,3
346479.0,6
346500.0,9
346563.0,1
346584.0,3
346605.0,3
346626.0,0
346689.0,6
346710.0,6
346731.0,1
346773.0,3
346815.0,1
346836.0,3
346857.0,6
346878.0,1
346899.0,0
346920.0,6
346983.0,1
347025.0,1
347046.0,6
347067.0,7
347088.0,3
347109.0,0
347151.0,1
347172.0,8
347193.0,3
347235.0,3
347256.0,3
347319.0,7
347382.0,3
347445.0,8
347466.0,6
347529.0,1
347550.0,1
347571.0,7
347592.0,6
347613.0,1
347634.0,1
347655.0,3
347676.0,1
347697.0,3
347718.0,1
347760.0,1
347781.0,7
347823.0,3
347865.0,6
347886.0,1
347907.0,6
347949.0,3
347970.0,1
347991.0,1
348012.0,1
348033.0,1
348054.0,3
348201.0,0
348222.0,3
348243.0,6
348264.0,1
348306.0,6
348327.0,6
348369.0,3
348411.0,9
348432.0,1
348453.0,7
348474.0,3
348495.0,3
348516.0,9
348537.0,9
348558.0,9
348600.0,1
348621.0,3
348642.0,7
348663.0,3
348747.0,1
348789.0,1
348810.0,7
348831.0,7
348852.0,1
348873.0,3
348894.0,0
348936.0,3
348957.0,7
348978.0,1
348999.0,6
349020.0,9
349041.0,1
349083.0,0
349104.0,3
349125.0,6
349146.0,1
349167.0,0
349188.0,1
349209.0,3
349293.0,1
349314.0,6
349377.0,3
349398.0,1
349419.0,1
349461.0,9
349482.0,3
349503.0,6
349524.0,6
349587.0,9
349608.0,3
349650.0,3
349692.0,1
349713.0,3
349734.0,6
349755.0,1
349776.0,0
349797.0,1
349818.0,7
349839.0,7
349860.0,1
349965.0,0
349986.0,3
350007.0,1
350028.0,1
350049.0,3
350070.0,1
350091.0,9
350112.0,1
350154.0,3
350196.0,1
350238.0,1
350259.0,8
350280.0,0
350301.0,0
350322.0,3
350364.0,1
350385.0,3
350406.0,1
350448.0,3
350469.0,3
350490.0,0
350532.0,6
350553.0,1
350616.0,0
350637.0,6
350658.0,0
350700.0,1
350721.0,1
350805.0,1
350826.0,3
350868.0,3
350889.0,1
350910.0,1
350931.0,1
350952.0,1
350973.0,1
350994.0,6
351015.0,7
351036.0,7
351057.0,1
351078.0,6
351099.0,1
351120.0,3
351141.0,6
351162.0,1
351183.0,3
351225.0,6
351246.0,1
351267.0,6
351288.0,1
351309.0,1
351330.0,1
351372.0,3
351414.0,3
351435.0,1
351477.0,9
351498.0,9
351519.0,6
351582.0,8
351603.0,1
351624.0,3
351645.0,1
351666.0,1
351687.0,3
351708.0,0
351750.0,1
351771.0,3
351792.0,6
351813.0,3
351834.0,0
351855.0,1
351876.0,6
351897.0,6
351918.0,9
351939.0,3
351981.0,3
352002.0,3
352023.0,6
352044.0,1
352065.0,6
352086.0,6
352107.0,1
352128.0,1
352149.0,6
352170.0,1
352191.0,1
352233.0,0
352254.0,3
352275.0,1
352296.0,3
352317.0,1
352338.0,1
352359.0,1
352380.0,7
352401.0,6
352422.0,1
352464.0,0
352548.0,1
352569.0,3
352590.0,3
352611.0,1
352632.0,6
352653.0,3
352674.0,1
352695.0,6
352716.0,3
352800.0,3
352821.0,7
352863.0,3
352884.0,1
352905.0,6
352926.0,3
352947.0,0
352968.0,1
352989.0,1
353010.0,6
353031.0,3
353052.0,6
353073.0,1
353094.0,1
353136.0,1
353157.0,1
353178.0,1
353220.0,3
353283.0,6
353304.0,3
353325.0,3
353346.0,3
353388.0,8
353409.0,3
353430.0,3
353472.0,0
353493.0,1
353514.0,6
353535.0,1
353556.0,7
353577.0,1
353598.0,7
353619.0,1
353661.0,1
353682.0,1
353703.0,1
353766.0,3
353787.0,3
353808.0,3
353829.0,7
353850.0,6
353871.0,3
353892.0,7
353955.0,3
353976.0,0
354018.0,6
354039.0,6
354081.0,0
354123.0,1
354186.0,0
354249.0,3
354291.0,1
354312.0,7
354333.0,1
354375.0,1
354417.0,1
354438.0,3
354480.0,1
354501.0,3
354522.0,1
354543.0,6
354564.0,3
354585.0,1
354627.0,7
354669.0,6
354711.0,1
354732.0,3
354753.0,6
354795.0,3
354837.0,6
354858.0,1
354879.0,1
354900.0,3
354942.0,9
354963.0,3
354984.0,1
355005.0,1
355026.0,1
355047.0,1
355089.0,3
355110.0,3
355152.0,1
355173.0,6
355194.0,3
355215.0,1
355236.0,1
355257.0,7
355278.0,1
355299.0,1
355341.0,3
355383.0,1
355404.0,3
355446.0,0
355467.0,9
355488.0,7
355509.0,3
355530.0,7
355551.0,1
355572.0,3
355593.0,1
355614.0,3
355656.0,3
355698.0,1
355740.0,1
355782.0,1
355803.0,6
355845.0,1
355887.0,6
355908.0,6
355929.0,1
355950.0,7
355971.0,1
355992.0,0
356013.0,0
356034.0,1
356055.0,6
356076.0,3
356097.0,6
356139.0,3
356160.0,1
356181.0,3
356223.0,7
356265.0,6
356286.0,7
356307.0,6
356328.0,3
356349.0,3
356391.0,3
356496.0,6
356538.0,3
356559.0,1
356580.0,6
356622.0,3
356643.0,1
356664.0,3
356685.0,1
356706.0,0
356727.0,1
356748.0,3
356769.0,3
356790.0,9
356832.0,1
356916.0,1
356937.0,6
356958.0,9
356979.0,3
357021.0,1
357042.0,1
357084.0,0
357126.0,3
357147.0,1
357210.0,3
357231.0,3
357294.0,3
357315.0,3
357357.0,1
357378.0,0
357399.0,1
357462.0,3
357504.0,0
357525.0,9
357546.0,9
357567.0,1
357609.0,0
357630.0,3
357651.0,0
357693.0,6
357714.0,1
357735.0,6
357777.0,3
357798.0,0
357840.0,3
357861.0,1
357882.0,1
357903.0,1
357924.0,9
357945.0,0
357966.0,9
357987.0,3
358008.0,1
358029.0,1
358050.0,1
358071.0,6
358092.0,3
358113.0,3
358134.0,1
358218.0,1
358239.0,1
358260.0,7
358281.0,1
358302.0,6
358323.0,1
358344.0,1
358428.0,1
358449.0,1
358470.0,3
358491.0,1
358533.0,3
358575.0,1
358596.0,1
358638.0,3
358659.0,8
358680.0,1
358701.0,3
358722.0,1
358743.0,0
358764.0,3
358785.0,1
358806.0,3
358848.0,1
358890.0,1
358911.0,1
358932.0,1
358974.0,6
358995.0,1
359016.0,1
359037.0,1
359100.0,3
359121.0,3
359142.0,9
359205.0,6
359247.0,1
359289.0,1
359310.0,6
359331.0,0
359394.0,1
359415.0,1
359457.0,6
359478.0,6
359499.0,3
359520.0,6
359562.0,0
359583.0,9
359604.0,6
359625.0,3
359646.0,1
359688.0,0
359751.0,3
359793.0,1
359814.0,1
359835.0,9
359898.0,6
359919.0,1
359940.0,9
359982.0,6
360024.0,3
360066.0,9
360087.0,1
360108.0,3
360192.0,6
360213.0,3
360234.0,7
360255.0,8
360297.0,3
360318.0,1
360339.0,3
360360.0,1
360402.0,1
360423.0,3
360444.0,1
360465.0,6
360486.0,3
360549.0,3
360591.0,6
360612.0,3
360633.0,3
360654.0,0
360675.0,1
360696.0,7
360759.0,6
360780.0,1
360801.0,7
360843.0,3
360906.0,8
360927.0,6
360948.0,1
360969.0,1
360990.0,3
361011.0,1
361053.0,3
361074.0,6
361137.0,3
361158.0,1
361221.0,3
361263.0,3
361284.0,7
361305.0,0
361326.0,9
361431.0,1
361452.0,7
361473.0,1
361494.0,1
361557.0,6
361578.0,1
361599.0,3
361620.0,1
361641.0,3
361662.0,3
361683.0,6
361746.0,7
361767.0,9
361788.0,1
361809.0,0
361830.0,6
361851.0,1
361872.0,3
361893.0,3
361914.0,6
361935.0,1
361956.0,1
361977.0,7
361998.0,1
362019.0,6
362082.0,3
362103.0,1
362124.0,7
362145.0,6
362187.0,3
362208.0,3
362250.0,1
362271.0,6
362292.0,3
362313.0,3
362334.0,3
362355.0,1
362376.0,8
362439.0,1
362502.0,8
362523.0,9
362565.0,3
362586.0,3
362607.0,9
362628.0,3
362712.0,1
362754.0,3
362817.0,6
362838.0,6
362859.0,3
362922.0,7
362964.0,1
363006.0,3
363027.0,1
363048.0,1
363069.0,7
363090.0,3
363111.0,8
363153.0,1
363195.0,3
363237.0,3
363258.0,3
363279.0,3
363321.0,3
363342.0,1
363363.0,6
363426.0,1
363489.0,3
363531.0,1
363552.0,9
363573.0,3
363594.0,1
363615.0,1
363657.0,3
363720.0,1
363741.0,3
363783.0,1
363804.0,0
363825.0,9
363909.0,1
363930.0,3
363951.0,6
363993.0,0
364014.0,6
364077.0,1
364098.0,1
364119.0,9
364140.0,1
364161.0,6
364203.0,6
364224.0,7
364245.0,3
364266.0,1
364287.0,7
364308.0,1
364329.0,6
364350.0,3
364371.0,8
364413.0,0
364434.0,3
364476.0,6
364497.0,3
364518.0,6
364539.0,3
364560.0,3
364581.0,1
364602.0,6
364644.0,1
364665.0,1
364707.0,6
364728.0,1
364770.0,3
364791.0,1
364812.0,1
364833.0,1
364854.0,0
364875.0,6
364896.0,1
364917.0,1
364959.0,3
365001.0,1
365022.0,0
365043.0,3
365064.0,3
365085.0,3
365106.0,7
365127.0,3
365148.0,7
365169.0,1
365211.0,9
365232.0,6
365274.0,9
365316.0,1
365337.0,3
365358.0,6
365400.0,1
365442.0,1
365463.0,3
365484.0,1
365505.0,3
365526.0,6
365568.0,9
365589.0,0
365610.0,1
365631.0,1
365652.0,1
365694.0,0
365715.0,3
365736.0,1
365778.0,1
365799.0,1
365820.0,1
365862.0,1
365883.0,3
365925.0,3
365946.0,1
365967.0,9
365988.0,1
366009.0,3
366030.0,1
366051.0,6
366072.0,3
366093.0,3
366114.0,3
366156.0,9
366198.0,6
366240.0,7
366282.0,1
366303.0,6
366324.0,3
366366.0,9
366387.0,3
366429.0,1
366450.0,1
366471.0,3
366513.0,3
366534.0,6
366555.0,0
366576.0,6
366597.0,7
366618.0,3
366639.0,3
366660.0,7
366681.0,3
366702.0,1
366723.0,1
366744.0,0
366786.0,3
366828.0,3
366849.0,1
366870.0,1
366912.0,6
366975.0,3
367080.0,3
367101.0,3
367143.0,3
367206.0,6
367269.0,7
367290.0,9
367311.0,1
367332.0,6
367395.0,3
367416.0,6
367458.0,9
367479.0,6
367500.0,9
367521.0,6
367542.0,3
367563.0,3
367584.0,6
367605.0,6
367626.0,3
367647.0,6
367668.0,6
367689.0,3
367710.0,3
367731.0,1
367752.0,1
367773.0,3
367794.0,3
367815.0,1
367836.0,1
367857.0,6
367899.0,1
367920.0,3
367941.0,9
367962.0,1
367983.0,0
368004.0,6
368025.0,6
368046.0,7
368067.0,3
368088.0,3
368130.0,1
368151.0,6
368214.0,7
368235.0,6
368256.0,9
368277.0,1
368298.0,3
368340.0,1
368382.0,6
368445.0,3
368508.0,6
368529.0,3
368550.0,7
368571.0,6
368592.0,1
368613.0,8
368634.0,3
368655.0,1
368676.0,9
368697.0,3
368760.0,1
368781.0,3
368802.0,3
368844.0,3
368886.0,3
368907.0,1
368949.0,6
368991.0,1
369012.0,1
369033.0,9
369054.0,0
369096.0,1
369138.0,6
369159.0,3
369180.0,6
369201.0,1
369222.0,7
369264.0,3
369285.0,1
369348.0,7
369369.0,1
369390.0,3
369411.0,0
369453.0,1
369474.0,0
369495.0,3
369516.0,1
369537.0,6
369600.0,3
369621.0,6
369642.0,1
369663.0,3
369684.0,6
369768.0,3
369789.0,1
369831.0,1
369852.0,1
369873.0,1
369894.0,3
369915.0,9
369936.0,7
369978.0,1
369999.0,6
370020.0,0
370041.0,1
370083.0,3
370104.0,3
370125.0,1
370188.0,3
370209.0,1
370230.0,6
370251.0,1
370293.0,3
370314.0,1
370356.0,3
370377.0,3
370419.0,9
370440.0,7
370482.0,3
370503.0,6
370524.0,1
370566.0,6
370587.0,3
370608.0,1
370629.0,3
370650.0,3
370671.0,1
370692.0,1
370713.0,3
370734.0,9
370755.0,1
370776.0,3
370818.0,3
370839.0,1
370860.0,9
370923.0,1
370944.0,3
370986.0,3
371007.0,1
371028.0,3
371049.0,0
371070.0,6
371091.0,1
371112.0,1
371133.0,1
371154.0,1
371175.0,1
371196.0,1
371217.0,1
371238.0,6
371259.0,3
371280.0,3
371322.0,1
371364.0,3
371385.0,1
371406.0,1
371490.0,1
371511.0,6
371532.0,1
371553.0,3
371574.0,3
371595.0,3
371616.0,1
371637.0,6
371658.0,0
371700.0,1
371721.0,6
371742.0,0
371763.0,3
371784.0,6
371805.0,1
371826.0,1
371847.0,8
371868.0,6
371889.0,0
371931.0,1
371952.0,3
371994.0,6
372015.0,9
372036.0,1
372078.0,9
372099.0,1
372120.0,1
372162.0,1
372183.0,8
372204.0,0
372225.0,1
372267.0,3
372288.0,3
372330.0,1
372351.0,3
372372.0,6
372393.0,1
372414.0,1
372435.0,1
372456.0,3
372477.0,7
372498.0,1
372519.0,1
372582.0,7
372624.0,1
372666.0,9
372687.0,9
372729.0,6
372750.0,3
372792.0,8
372834.0,0
372897.0,1
372918.0,1
372939.0,3
372960.0,7
372981.0,3
373023.0,9
373044.0,3
373065.0,6
373107.0,3
373128.0,3
373149.0,1
373170.0,6
373191.0,1
373212.0,3
373254.0,1
373275.0,9
373317.0,3
373359.0,3
373401.0,6
373443.0,1
373485.0,3
373506.0,1
373527.0,1
373548.0,0
373569.0,9
373590.0,1
373611.0,3
373653.0,3
373695.0,6
373716.0,1
373737.0,3
373779.0,1
373800.0,1
373842.0,1
373905.0,9
373926.0,3
373989.0,1
374031.0,1
374052.0,1
374073.0,3
374136.0,1
374157.0,9
374199.0,1
374304.0,3
374367.0,1
374388.0,3
374409.0,6
374430.0,1
374451.0,9
374472.0,3
374535.0,3
374556.0,9
374577.0,3
374598.0,1
374619.0,3
374661.0,5
374703.0,6
374724.0,7
374766.0,8
374808.0,7
374829.0,6
374850.0,6
374892.0,3
374934.0,9
374955.0,6
374976.0,7
374997.0,1
375018.0,7
375039.0,0
375060.0,6
375081.0,1
375102.0,7
375123.0,1
375144.0,1
375165.0,1
375186.0,0
375207.0,0
375249.0,1
375270.0,1
375291.0,9
375333.0,1
375354.0,6
375417.0,9
375438.0,3
375459.0,6
375480.0,6
375501.0,6
375543.0,1
375564.0,1
375585.0,3
375606.0,1
375627.0,3
375648.0,1
375669.0,6
375690.0,6
375711.0,0
375732.0,0
375753.0,6
375774.0,1
375795.0,3
375816.0,7
375837.0,6
375858.0,0
375879.0,3
375900.0,8
375921.0,3
375984.0,3
376005.0,1
376026.0,9
376068.0,6
376131.0,3
376152.0,6
376173.0,1
376194.0,3
376257.0,1
376299.0,3
376320.0,1
376341.0,1
376383.0,8
376404.0,1
376425.0,6
376446.0,3
376488.0,1
376509.0,9
376530.0,1
376551.0,6
376572.0,1
376614.0,3
376635.0,0
376656.0,3
376677.0,1
376719.0,9
376740.0,7
376761.0,3
376782.0,8
376866.0,9
376887.0,3
376908.0,6
376929.0,1
376950.0,1
376971.0,0
377034.0,1
377055.0,9
377076.0,9
377097.0,0
377118.0,9
377160.0,9
377181.0,1
377202.0,3
377244.0,1
377265.0,1
377286.0,1
377307.0,6
377328.0,6
377349.0,6
377370.0,0
377412.0,6
377433.0,3
377454.0,1
377475.0,1
377496.0,6
377517.0,3
377538.0,6
377559.0,1
377580.0,9
377664.0,3
377685.0,3
377706.0,7
377727.0,0
377748.0,1
377790.0,6
377811.0,9
377874.0,1
377895.0,9
377937.0,3
377979.0,1
378021.0,3
378084.0,6
378105.0,3
378126.0,3
378168.0,0
378189.0,6
378210.0,6
378231.0,6
378273.0,3
378294.0,3
378315.0,3
378336.0,1
378357.0,0
378378.0,3
378399.0,3
378462.0,3
378504.0,7
378567.0,3
378630.0,7
378672.0,6
378693.0,3
378714.0,3
378735.0,3
378756.0,1
378777.0,6
378840.0,1
378861.0,1
378882.0,9
378903.0,1
378924.0,1
378945.0,3
379008.0,7
379050.0,6
379113.0,3
379155.0,1
379176.0,6
379218.0,7
379239.0,7
379281.0,1
379302.0,6
379344.0,0
379365.0,1
379386.0,3
379407.0,3
379428.0,6
379449.0,1
379491.0,6
379512.0,7
379533.0,9
379554.0,0
379575.0,1
379617.0,1
379638.0,7
379659.0,1
379680.0,0
379701.0,9
379722.0,3
379764.0,7
379785.0,6
379806.0,6
379827.0,0
379848.0,7
379932.0,1
379953.0,1
379974.0,1
379995.0,6
380016.0,3
380037.0,1
380079.0,3
380121.0,3
380142.0,1
380184.0,3
380205.0,3
380226.0,6
380268.0,6
380289.0,1
380310.0,3
380352.0,9
380373.0,9
380394.0,6
380436.0,1
380457.0,3
380478.0,1
380499.0,0
380520.0,9
380541.0,3
380562.0,3
380583.0,3
380625.0,1
380646.0,3
380667.0,7
380709.0,6
380730.0,3
380793.0,9
380835.0,7
380856.0,1
380898.0,6
380919.0,3
380982.0,6
381003.0,3
381024.0,9
381045.0,1
381066.0,6
381087.0,3
381129.0,1
381150.0,3
381171.0,0
381234.0,3
381255.0,1
381276.0,1
381318.0,3
381339.0,6
381360.0,3
381381.0,1
381444.0,3
381465.0,8
381507.0,3
381528.0,1
381549.0,3
381570.0,3
381591.0,1
381612.0,1
381633.0,1
381654.0,0
381696.0,6
381717.0,0
381738.0,1
381759.0,1
381780.0,3
381801.0,3
381843.0,0
381864.0,3
381885.0,6
381948.0,1
381969.0,1
381990.0,6
382011.0,6
382032.0,3
382053.0,3
382074.0,3
382116.0,1
382158.0,1
382200.0,3
382242.0,6
382263.0,7
382284.0,3
382305.0,3
382389.0,3
382410.0,1
382431.0,1
382452.0,6
382473.0,6
382515.0,3
382536.0,3
382557.0,3
382578.0,0
382599.0,1
382620.0,9
382641.0,1
382662.0,3
382683.0,1
382704.0,6
382725.0,1
382746.0,1
382767.0,6
382788.0,3
382809.0,1
382830.0,1
382851.0,6
382872.0,3
382893.0,9
382935.0,3
382956.0,1
382977.0,3
383019.0,6
383040.0,0
383061.0,1
383082.0,1
383145.0,1
383166.0,0
383208.0,3
383229.0,3
383250.0,6
383271.0,9
383292.0,3
383355.0,9
383397.0,1
383439.0,1
383460.0,6
383481.0,3
383502.0,0
383523.0,1
383565.0,3
383628.0,9
383649.0,6
383670.0,9
383712.0,1
383733.0,0
383754.0,3
383796.0,3
383817.0,0
383838.0,3
383880.0,6
383901.0,6
383922.0,3
383943.0,1
384027.0,7
